tearsofjerusalem,8.2
rwjk,8.2
oceandrive87,8.2
mohamedmaatouk,8.2
jl2222,8.2
gihren,8.2
cheesesandwich,8.2
gmenem,8.07
dynimite,8.05
yodachim,8
velmont,8
jbunker,8
sadocan,7.75
ryluv,7.75
lachowski,7.75
ibrahimahmeddeharr,7.75
hotrod89,7.75
fernando,7.75
beebop2001,7.75
martz,7.6
whatever_889,7.43
thagoodfella,7.43
philypip,7.43
junioraw,7.43
jack888,7.43
_drsix_,7.43
sportsguy1991,7.39
sexylibrarian,7.3
zolonega92,7.12
voltec,7
valmont,7
ufo8mycat,7
troll12eaper,7
squidder,7
sonofsam,7
shawn82,7
sexdrugsnhiphop,7
seal,7
rog11234,7
prwprivate,7
nageur33,7
musicman1,7
mercury,7
mash107,7
lenmeister,7
kam91,7
joey87,7
jachs1256,7
internautmike,7
hrnek,7
henry554,7
gavi,7
flouranum,7
ehsan,7
dun123456,7
dudeman05,7
dione2015,7
cvaneyck,7
albanyboy93,7
none21,6.82
patze,6.79
vladimirbel,6.62
thyal,6.62
schnah,6.62
rav,6.62
randomuser1992,6.62
csmith,6.62
cody,6.62
andres,6.62
alimalik,6.62
rlf84,6.59
blueflame74589,6.59
craigs30,6.58
wyht312,6.48
hockeybubz,6.43
wigglyscuds,6.4
triplethreat250,6.4
redstormycloud,6.4
rateme111222,6.4
mike0987,6.4
meppelink,6.4
joshukend,6.4
jbrew74740,6.4
imwillie,6.4
harman38070,6.4
effettonotte,6.4
driveran,6.4
coryred,6.4
attidsr22,6.4
astraylor91,6.33
kasshin,6.3
proxyspam,6.25
italomed,6.25
donny44,6.25
obscure,6.18
seleukil,6.14
just_trying1,6.14
driftreliabley,6.14
dragon_7407,6.14
alisonzhang,6.14
evil_waffles,6.09
azhyr,6.06
tomothy29,6
paranoian,6
mariusog,6
kiwiguy27,6
john1234,6
joekay,6
inastateoftrance,6
dude525252,5.96
logan97,5.95
cval1,5.92
tiger007,5.91
sybo,5.91
skvn27,5.91
mozako,5.91
khaliq46,5.91
raymond966,5.89
stoffese,5.85
firecracker50,5.8
haremscarem,5.78
johnvaradero,5.74
tto2t,5.7
glenntj,5.65
zachattacklind,5.5
upthejunction,5.5
trgfan836990,5.5
toomuchsoda,5.5
thetechman,5.5
testingglas,5.5
tallconfident,5.5
sokas597,5.5
slingshot,5.5
skypper,5.5
sibu,5.5
sharrackor,5.5
shanen4x,5.5
sebastian25,5.5
saveguard_tom,5.5
saqi,5.5
sam313417,5.5
ryanbears95,5.5
ronyzyz,5.5
raiga_13,5.5
phillyguy321,5.5
paoloo_s570,5.5
pand82,5.5
orhan,5.5
ombodi77,5.5
nzkicksa,5.5
nynorsk,5.5
notevenme,5.5
niclas,5.5
natsuchin,5.5
mrblonde,5.5
moromarchigiano,5.5
marcopolo,5.5
marcipanc,5.5
lrn2spel,5.5
lothloran,5.5
lonelyaryan,5.5
londonphil82,5.5
leede,5.5
kwraakie,5.5
kutz,5.5
kevin228,5.5
justme278,5.5
johnibra,5.5
joered66,5.5
jazgot,5.5
jamesdk11,5.5
imbored,5.5
hipman75,5.5
helld434535,5.5
hamberbar,5.5
glitchhopp,5.5
fitnactive16,5.5
evolvexl,5.5
elshaka7,5.5
eg92193,5.5
dumondhatton,5.5
doomsday-jesus,5.5
denip,5.5
daxx_bb,5.5
culvers,5.5
craryj,5.5
cexi,5.5
casta1999,5.5
cairnejones,5.5
bpowell12,5.5
box5diesl,5.5
bongboi,5.5
balla123,5.5
atte68431,5.5
atl_hidden_treasure,5.5
arnitis,5.5
ammarques,5.5
73stolen,5.5
1liner,5.5
aadoman,5.38
zack_man,5.36
dyno,5.26
dynamic1,5.26
deeproots,5.26
sporty91,5.2
anton9124,5.2
ndbj,5.18
shinyjewl,5.15
italianm123,5.15
enur,5.15
blahblahblahblahblah,5.15
sksyt07,5.12
walnut,5.09
seanisthecrazy1,5.09
pilko667,5.09
jrhockey10,5.09
jaykaywell,5.09
brybry,5.09
astridengen,5.09
petersch,5.07
fleetingflockofbirds,5.04
tmh,5
slickz001,5
samyouell,5
rune702015,5
remi92,5
mattonio,5
longnstrong67,5
logan123,5
jvega2386,5
jbear,5
jaxxonmontana,5
ht0wn,5
eyesaac1,5
davids,5
aq89,5
beetlesales,4.99
bigben,4.96
rollin122,4.94
northwestfresh,4.94
maesterllewyn,4.94
alip13,4.94
fera,4.92
supaslick,4.86
ryanzmw,4.86
okwhatever,4.86
np007,4.86
mrkabosh,4.86
matthewb91112,4.86
marco69,4.86
kays,4.86
inori_reka,4.86
edgargarcia,4.86
dave2222,4.86
cranberry,4.86
boboftibia,4.86
kenneth,4.81
craigstanson,4.78
neyrius,4.75
mikemorg,4.75
787878,4.75
jolan,4.73
durak,4.71
dannn007,4.68
nikola,4.67
czerwona,4.66
ibrahimdurrani,4.64
zik45,4.6
thubz,4.6
thebrave85,4.6
sofer,4.6
sirhc,4.6
simplycurious,4.6
saba,4.6
rschwa,4.6
pg1324,4.6
pcas,4.6
nikj,4.6
mikebbb87,4.6
lollero808,4.6
leofin,4.6
justbored9239,4.6
jhonty,4.6
jetmace21,4.6
jaberwocky,4.6
imsotired,4.6
gesima,4.6
futuremoves,4.6
draz04,4.6
dante24,4.6
cooldude,4.6
bassen92,4.6
ask86,4.6
alexion,4.6
ahyuno,4.6
steven567,4.58
knowknow,4.56
valeryqwerty,4.54
foxy321,4.54
canelomod,4.53
winter35,4.51
jagex,4.5
bingley,4.5
wapoli,4.46
randomguy365,4.46
ajsf1983,4.43
aamir707,4.42
trimmer,4.41
i3lazeking,4.41
uzairk,4.38
the_adventurous,4.38
sweetsauce2,4.38
smokedoa,4.38
petrix,4.38
nekkar,4.38
mugur,4.38
kumarvr,4.38
iph8x,4.38
drpeasant,4.38
chase925,4.38
tokumeiturtle,4.35
john_oldman,4.34
whitefox20,4.32
scrap,4.32
dexas,4.3
loosechange,4.29
alexmcray,4.29
jjeffer,4.27
igis,4.27
coreykemp,4.27
castaneda,4.27
dididum,4.25
chopin,4.24
jamiemc128,4.23
taurean508,4.21
mountainstar,4.21
mani,4.21
harakoni,4.18
drummer420,4.18
sweetboyspain,4.17
323818,4.16
mattycee,4.15
jj26,4.15
crazy0monkey,4.14
alexander23,4.13
j0n0vision,4.12
alevoku,4.09
zorro87,4
whiteeagle,4
valere,4
tzahik1,4
theothegreat,4
tdh548,4
superman408,4
sum_gai,4
stinkler,4
stephen90,4
stallen,4
scottyxx,4
roadhog,4
rahul684,4
pluisje,4
ot1924,4
norcalr2,4
nativeman,4
mrresults77,4
millitant,4
mikeriley,4
mike4many,4
mentar,4
matthias138,4
m_a_r_j_0,4
loverboy,4
lkugfvyjhd45,4
lionone1,4
letitflow,4
legendarybromigo,4
lajenks,4
just_kevin85,4
joseph88,4
john26,4
jeffsummer,4
jams,4
jackedblueeyes,4
iwatsonhome,4
ice2cool,4
iammaazkhan,4
hotstuff,4
hellsicebox,4
glennnos123,4
gerudobomb,4
gentlemanrambo,4
frencine,4
fmm21,4
flashbulbeyes,4
filbee,4
erik,4
enormous,4
dtharri,4
dtf6352,4
derrick1992,4
day,4
darion050,4
chris19871,4
chezzars,4
chenaros,4
castravete,4
carthorias,4
cancanidc,4
bingam,4
bibibeb,4
bflynn,4
beethovengenius,4
ayo,4
arronnnnn,4
amparess,4
allthewaydown,4
_carsten_,4
juanantonio,3.92
bullmarket,3.91
suavecool1,3.89
s_kaprelian,3.86
ravendale,3.84
justme_louis123,3.84
gvthegreat,3.84
account4me,3.84
spanish,3.83
sammy1974,3.81
jbjb17,3.81
bkapicio,3.81
nathvi,3.8
lucster,3.79
helix82,3.78
jacob96br,3.77
fruiloux,3.77
aventador_life,3.77
adnanmiki,3.77
jacksupermoto91,3.74
ticker_jus,3.72
somebean480,3.7
sincereasclay,3.7
ramchamp,3.7
neonq,3.7
mo2love,3.7
madtom,3.7
jarax,3.7
goodfellas404,3.7
francis25,3.7
didurly,3.7
deliverance104,3.7
crocodile,3.7
bengiebear,3.7
vitstelm,3.68
tills31,3.68
alzen,3.67
gregrichards,3.62
explorer,3.62
january,3.59
tycus250,3.57
sweededreams,3.57
srrrrr,3.57
sd463d,3.57
qbajas,3.57
person34,3.57
nosnowanymore,3.57
north757,3.57
micke3,3.57
manc_jay,3.57
kenarito07,3.57
kansasone,3.57
jon3992,3.57
huntdog71,3.57
halfpuzzled,3.57
brobert,3.57
anthony,3.57
gparks,3.55
willskill,3.53
roky-rr,3.53
racinghart86,3.52
hotasianguy420,3.52
delayed_revelations,3.5
staroux,3.47
sammmy166,3.45
nightwing761,3.45
mark27101,3.45
holdthemustard,3.45
aarym,3.45
youssef,3.43
intruder3k,3.42
benjo9991,3.42
testing_testing_123,3.4
photocheck,3.4
neke93,3.4
themrgoofyone,3.37
skinnymatou,3.36
carmagedon,3.35
reda,3.34
bassano,3.33
jahsonj,3.31
etowndown,3.3
island,3.29
billymax,3.29
smartdrive,3.27
zipzap,3.25
waldi667,3.25
stjredstorm,3.25
snowstorm95,3.25
snaptester007,3.25
shags4534,3.25
sabertax,3.25
pk4frnds,3.25
petek,3.25
pansaias,3.25
nickmir27,3.25
mrdarkhobo,3.25
maxlux,3.25
machouno79,3.25
legrandbleu,3.25
labombas,3.25
kcamroccam,3.25
kaloudtu,3.25
jplogue,3.25
joshusaf,3.25
johnnyappleseed,3.25
johnf1,3.25
jegre,3.25
iukizor,3.25
illinois85,3.25
iggy545,3.25
humour,3.25
grrr,3.25
floozie1348,3.25
elseware,3.25
david311,3.25
czgrey,3.25
cueball,3.25
cameo0501,3.25
calvin,3.25
armourknight,3.25
aresta,3.25
zone22,3.21
m1977765,3.19
hedlund,3.19
jrsmith,3.15
r286ps2,3.14
lrrunner,3.13
wood1990,3.12
johnylove2,3.12
jimmyjim,3.12
fluffytiger,3.12
tts334,3.1
raminlavi,3.08
mrtoffee,3.08
hypnotize,3.08
woy88,3
waterman2014,3
vigen,3
varce91,3
tdad2012,3
stephe_king,3
mrnoname,3
momo,3
miloc,3
matcha,3
jakes03,3
eyelikefire,3
etlsen,3
domxhusl,3
dirzy,3
bt404,3
adam27701,3
bonobo3873,2.98
badwulf51,2.98
redhead,2.93
jediskolacek,2.93
dylster95,2.93
vick28,2.91
terminator,2.91
mwitwicki,2.89
james_island_guy,2.89
vintagecumbee,2.88
supertom25,2.85
thatwillis226,2.8
surferdude123,2.8
sleeprtsi,2.8
pimpjuice230,2.8
philipho,2.8
omgitsbrian,2.8
noragrets,2.8
minasti_7,2.8
marcheller,2.8
manicmonkey,2.8
kuzarkit,2.8
kswissdaf,2.8
efferman,2.8
deniskros,2.8
dadamb,2.8
chemie,2.8
blitzkrieg,2.8
aw_379,2.8
andre,2.8
adamdat,2.8
313340,2.8
brunojj,2.75
scho11bu,2.74
hochs10,2.74
ooo,2.69
windxtgr,2.67
kitoso101,2.67
rankmyphoto123,2.66
joe574,2.66
beach03,2.66
rudra28,2.64
miso4040,2.64
fike67,2.64
doppelganger,2.64
yobro,2.62
mrmojorisin,2.59
mojochief,2.59
mitkoiliev56,2.59
billy1203,2.57
wondie200,2.55
solm0rs,2.54
josh629,2.54
vitaminandy,2.5
troschka,2.5
stanger02,2.5
prigidy,2.5
nsane63d,2.5
nousassa,2.5
mattchew011,2.5
maddiemalick,2.5
lapali,2.5
lamvnt,2.5
justijn3232,2.5
jason,2.5
italguy79,2.5
heymosirc,2.5
deon,2.5
connormo,2.5
awesompossum,2.5
athleticguycityguy,2.5
ashes2nirvana,2.5
api_81,2.5
ahroa,2.5
adjruiz,2.5
pattymonsta,2.47
jaysingen,2.47
ecnerwal,2.47
monkeymadness99,2.45
shonu,2.42
crxmanager,2.42
95integrars,2.42
oilers75,2.4
1812highway,2.38
0andrea90,2.38
eldiverman,2.35
jkweezy91,2.33
jammil,2.32
whatswronghere,2.29
tdougth,2.29
someguyhere,2.29
matter2003,2.29
lucamd,2.29
johndonne,2.29
jadw36,2.29
dddwww,2.29
bang95,2.29
cees123,2.23
deeduk,2.22
rufamova,2.2
sicilianlatino,2.19
geopap80,2.19
makuma,2.17
cowboy55,2.16
chief__,2.16
thwikehu,2.15
eliteskull,2.15
chombixi,2.15
matrixhasyou,2.12
letitgo,2.12
joepic,2.12
grindhouse123,2.12
darkmonba,2.12
niturad,2.07
wfu003,2.06
dev,2.06
allen254,2.06
calla92,2.04
wu4d,2
wlfb,2
tp1099,2
silvergray20,2
sdeb31,2
payableondeath,2
parachuteguy,2
nessar,2
marlboro52,2
magneto,2
lokomomo,2
kevinp317,2
imkool64,2
ilostmytaco,2
erosthegod14,2
duke_danielson,2
dave8529,2
hornyphotographer,1.98
dan6123,1.97
justagayguy,1.94
biopunk512,1.92
unholydynimite,1.9
pookiebear1,1.9
kd_p,1.9
jimakos96,1.87
tomboy81,1.82
svm8,1.82
sebastian48,1.82
levana,1.82
jdec,1.82
dane,1.81
trini_craft,1.8
jic13,1.72
pchopra,1.56
jdpon73,1.56
chadyoung,1.56
georgesheardexpress9,1.55
danteps3,1.5
bear77,1.5
fanticb,1.47
lemonhead,1.36
myth,1.14
shawn911,1
pepper,1
nuagegris,1
katmiauw,1
abbasj,1
