scchic,2.43
sable3380,6.08
trisha,3.2
rafika14,8.36
kinky-kandy25,6.31
flopsietopgunz,2.38
insecure_me,6
kaitlynn69er,6.71
ktb274,7.46
shelbee323,8.29
ivon,5.22
juiceboxangel,7.49
iamme,7.76
melino188,7.47
carlylinz,4.09
jeweliamae,4.48
beingaknitwit,6.54
kayments,5.68
stephie190,8.61
devon3548,7.53
pincipunci,9.54
redheadroxy,7.25
loveroflimelight,8.97
emisha,3.03
xxcooneyxx,7.21
letmeknow,2.84
malakronikmausi,4.89
nope,6.2
scarletwolf,6.25
ddbeauty123,8.17
nozodiac,8.49
iddaa,5.69
natasha960,6.26
angelndrsn,4.29
njh9542,3.43
neska,4.13
raelynne01,6.73
supersaiyaneva,5.75
macey,4.49
taylorswift2014,4.68
avan,6.03
loulou,3.08
veronica_g,4.77
mbp7718,5.42
sinkinu,7.7
brainlessmau,7.75
chelhemmo,4.25
alessa,5.97
thatoneloser,7.54
jordanjardine1988,5.65
burntheworld,4.29
kimjojo,6.49
piitzgal,2.74
fugnbish,5.38
emmerz,7.43
missyqwerty,2.95
miky,8.18
melody001,6.41
emmie,7.44
frizzybabee,6.84
faneey,5.69
saobee,5.04
maeganontherocks,7.05
celticcrime,6.21
mimiliv888,2.11
gpj,3.89
roselinemelodypierce,8.4
cndygurl4life13,7.64
baddbytch28,6.91
shazzam82,8.35
stephens11,3.6
blahtoast,4.75
lucyc,8.16
lexianne7,6.32
thelasthour30,4.66
shanny,7.55
playingwithfire,6.46
julia6882,7.39
mamay123,7.71
janesmithy86,6.21
laya43,4.98
scaredshoeless,5.56
g_ashley_d,5.32
yupyup,6.08
tokozi,6.41
anyela,5.44
volatilelolita,6.24
shaninox,5.27
brokenhalo,2.98
elein,5.19
blahblahblah,6.12
bj69,4.4
tigrr25,5.76
livingdeadgirl,6.79
pipi28,5.55
mommyof5,7.32
christinesm,3.76
crystallite,4.52
txgirl89,4.41
alexakate,8.77
iluvrock06,2.89
cmc4388,8.16
abuck,5.29
cfb,6.55
shelbi77,4.03
noel,7
babygirl,4.02
christonastick,5.17
joytotheworld,6.18
kc_nurse_lpn,2.9
scorpio1993,2.94
emenvee,6.79
mmaprincess29,6.91
romalyn,4.8
bluebell,6.8
frostedglass,4.03
torinatural,5.72
mireaux,7.48
ohdearcali,3.6
reignofkindo,4.36
melissa1234,6.14
riddleress,6.9
smarti1809,2.5
pinkstarsabove,3.01
marusya,7.3
katielorraine,4.42
verywildberry,6.49
kchandatgath,5.87
ego620,6
jojo,3.26
sweetshannon,7.83
justsotypical,5.81
quacklikeafish,4.63
googoo1,3.79
racheleasty,8.2
serendipity,5.03
nicolewoods1,8.25
lindsey0124,8.68
lexijelly,7.92
lilaemmett,8.27
lth,9.33
chichi,6.04
ilostabetsoshit,5.2
justcherry,6.56
biggreenaxe,7.78
xoxobabydollz,3.96
yeahhraye,2.8
rayasunshine,7.91
asdfghjkl,8.23
songbird1018,2.43
krissykaotik,2.74
sarasara,4.51
rafaellabrasil,8.24
chitra,2.8
stephaniew69,2.83
renjoelle,4.2
sadiejane21,6.38
kat300,3.94
emisfalling,2.57
lanagirl,5.26
winterlibra22,7.61
brayleeheartsyou,3.32
moni68,4.76
kassandramaera,8.43
halfwaythere88,6.97
glitterbuns,6.51
charliegirl,6.05
efrench88,5.64
loryata,6.41
rosehipautumn,2.77
etiene,1.9
rene24783,2.94
hunterphx,8.28
lmhellyea82,4.98
behati,4.69
lydiamarie,5.12
kimseeee,4.73
klahall,2.44
tpal,6.71
highheelsndress,4.65
moostrom,6.95
sexyvoice89,3.74
fia1212,4.61
megan_702,7.81
notthatyellow,2.91
rosepetal02891,3.61
blondie_123,5.65
holly_bird,8.84
sanja,4.39
nicoletta181,6.84
msadler03,8.21
ayukkini,2.32
mia7412,5.01
nickc21h2no5,4.81
lizw47,5.98
katiebug15,6.79
es_ec,6.44
strdrgn,7.32
justroyalty,4.6
lizzielovesmusic20,4
monachopsis,4.4
fmargera12,5.78
taraangel,2.47
diana007,2.68
mastoria,6.73
sambo,3.17
lovelifelive559,6.7
redraisin,7.08
hotmama21,6.3
unicorns,6.6
kneefah,8.42
madcatface,7.66
fiercefox,6.92
vixen101,5.79
nyc1020,4.42
kiyomi1217,4.66
mrs22rina,4.38
megalomania,8.69
vix,5.87
sweetyhot,6.43
vickysc,5.92
trushton8187,5.32
killerkel,9.03
cardga50,5.24
karen,6.09
mechano,3.86
mmills89,5.46
theamaria90,7.56
tattooedwife,6.65
mrssmith,5.78
whuttt,8.5
brazilian25,4.73
ronniloo,8.65
kailin,6.62
vixen,6.89
jesses14,6.01
bellers,5.61
rocketgirl,6.88
anagy,5.6
numbert2000,9.58
sara12261995,4.4
ana,5.16
rizzonite,5.87
ayshe,8.53
debbijayne,3.4
starinthenight,7.68
cl4584,8.43
hels,2.65
greeneyescarri,2.62
katyashengelia,8.77
jbikes23,8.06
ashleyfloyd0204,6.74
rosesandprose,4.25
ayeitssydney,6.81
s951,6.4
suusann,7.75
lucyanna,3.72
christiedolly,6.68
jessicaelaine121,8.77
ashleyfrantzzz,7.95
babygurl10102,7.49
lovelygirlie,5.35
brneydgrl86,7.26
krisbee8n40,5.06
plastikangel,6.21
briannajm,7.55
sash,5.82
kendallc1231,7.05
sassyaly,5.5
missravenfire,2.76
emmlylamb,4.83
soph_xo,7.09
lostinside,7.86
gabbystrn,8.04
carmen_66,2.71
lady0119,6.91
dashahot6969,6.03
renee,8.56
uncwfanatic2012,5.45
meliging,3.97
whatisthisabout,6.53
milestiba,6.24
redbessflint,7.14
5gr8kids,7.64
theblonde,5.77
celina,5.16
sarahlalelu,5.66
turtlesandstuffidk,8.33
alysoneden,4.86
kissmequickly_x,8.32
ash_g,6.67
mbheinen,8.41
mariannar,5.59
mogon,5.15
birdy38,3.3
lazyvegan10845,4.04
oktorach,3.03
jamieestyle,3.61
gemmaharris2,6.73
sm4d,8.69
eckern,6.34
bluejay,7.23
kyrie,4.15
kimmyd,5.32
abcdefg,5.82
aleciajeanne,4.33
robynnnorah94,3.82
justme,7.09
skylart911,7.12
lisacrystal2,6.06
fenriz,2.75
riehlgirl,4.22
martinaomahony89,8.64
aliengirl,4.83
amyyyxo,6.58
hannahbanana,7.55
suerey,5.91
monteirox3,3.77
ktscarlet,6.52
pikachusayshai,6.54
pauline98,4.51
okayokayokay,8.3
aellen,7.04
response,5.65
virgobabe,4.54
bluefish99,3.92
lichtschattenx,4.89
psychicgibbonl,5.34
x7654321x,4.35
maliciousintent,5.03
erin45,4.58
plemmy,5.29
dali,2.89
nurse828,8.33
hummus,4.09
babirdijones,4.5
furrows,4.68
vilotbeauty,7.51
sassiecassie,2.07
charleypuppy,6.26
megan,3.44
klaudia_in_chains,4.75
revenantbeauty,2.76
homicidaljules,5.46
minidew88,5.34
madisynn,6.06
natviolet,6.16
tygrynia,5.26
leeesh6,7.55
p0omme,8.93
aaas1212,7.66
jenniferrose,5.63
r5family4life,7.27
fieldofdaisies_11,6.74
bri6169,5.5
southerngrrl,4.73
oceaninadrop,8.25
indy,6.11
livining_in_books,8.91
ambermart14,7.81
helsol12,5.04
candygirl69,7.66
snazzy32,6.25
rizzolion22,3.71
teresakaye,6.46
felicia2127,5.48
vanezza,2.85
tamzzz,6.1
claudeen,3.54
bbrown95,5.58
mel2014,6.68
avaleigh,3.94
wtfudge,7.64
ocr100,7.17
polyhedral_leopard,3.25
abbylou12,6.6
misscara,8.16
siberry,3.73
tanyalee48823,5.36
cutemature,6.3
sandamour,7.51
josiecardinell,6.16
ilovecct2011,3.68
lilimix123,5.81
destinie,6.89
blondieboo,7.13
bosslady,3.82
beth123445,6.94
sexymeowgirl,7.37
raniaa,8.12
joanna,7.35
anastasis,4.6
hayleeyboo,5.38
mtb-girl,2.81
cloudlessclimes,6.97
northerngirl95,5.54
wendyct,5.42
princeass74,4.41
disconcerted_artist,2.94
emmaforever,7.75
oceangrandy,5.69
jessicagreen,8.36
carmqueen,5.36
chemist,4.42
lelesweet,9.16
latroyasamantha,7.72
noraad2,5.31
heatherlovezu,7.63
amaranthyn,2.63
misfit69,7.63
everafter1980,5.44
stefy85,7.8
sibyl,4.2
abietotz,5.16
kayla,7.78
jessetrex84,3.72
pohlerbear,7.25
nonentity,6.16
sk4951,7.11
hoten5,2.62
maya,4.44
leoo,5.65
thepetrovafire,7.41
irishmckee777,3.94
everdeanne,3.47
murphya,2.65
heathersmith123,5.36
puzzle295,5.62
pharaohchic,7.62
yellow_sapphire,5.67
nevaia,7.73
irishredlass,3.5
lady514,2.59
narcissa,8.13
specialk,7.77
susieq_998,8.95
redhead420,7.47
manstunner6,4.85
krazgrl96,8.81
30something,8.92
rockerchick_713,2.62
morningstark,6.95
sammiegirl,3.83
angelsfalling,7.13
coconutcandy,3.76
sexxymilf,4.02
cherylpatricia,5.56
kristinp80,6.5
kierie,4.83
sarahsmall42,4.39
ellebell,4.54
moshirl,3.65
busy,8.5
angelkitten,3.9
falltodustx,7.02
elizabethax,6.55
caitlinmeredith123,7.81
ericarosemary,3.24
kaliashes,2.25
midnightbliss,6.21
cosmicshark97,5.5
hiiiiiiiiii,2.81
trippyg3,7.17
schon88,5.08
julialew4,9.18
bethariana,8.22
maddog,8.26
cathryn,4.74
jamielee3,6.51
ames152,6.78
gainlee369,8.38
doxiemom,3.64
ladyjane,7.4
anniejameson,6.49
blackbrafilms,5.35
keyshadawn,6.38
theres16,4.15
snowbunny,6.86
sushiroll7,5.86
steph73,4
annaparker969,4.38
sarah_r,5.62
ellemenopi,6.93
xocherbear,3.22
darby2217,6.04
audio9,4.38
tennisnut,5.91
littleslag,5.01
jessica,2.54
daisy12,4.78
missmaxx11,7.87
j-mi,7.48
harden25,5.6
phlegmaticacuity,6.65
sumire511,5.84
maaryx,3.38
adelaidesonja,4.67
oddment,5.94
mandapandablanca2,6.24
_kayla_,5.55
sketarhawk69,2.59
jadexxx,5.83
danzer,5.06
alisonjenna,5.59
zoeysecret,3.22
sara_omanovic,8.08
gadjitsprings,5.56
mariel,6.28
fvhg,7.45
232515,4.42
slyons316,4.69
jadester,5.14
editha20,3.68
hyper_princess,5.78
2nett,8.54
robotgirl1413,5.86
tattooedmummyxx,5.91
kitsygirl,7.92
lmpgrlxx,4.56
teyaaa,8.32
mcaudillo,5.91
desilou87,2.89
artofu,6.62
zeldalover3,7.29
katy44,5.87
amybroom13,3.48
annabear,6.67
nebulouseyes,4.5
maymay,7.14
cocoaddictive1,5.5
lyf777,4.6
nyxnyx37,6.65
annaceleste,9
lucymcgoose,6
sexyandiknowit,6.87
bobcat,3.02
src1973,4.09
jogibear,3.65
goingham96,5.23
kj90nno,6.53
taylinmilan,4.79
jcoop69,4.38
danishaladawn,4.17
betsy21,2.79
kiddycat,3.86
fenume,4.37
ema,5.32
tspitzfire,5.61
marthamay69,7.29
fabelxxx,5.56
hottiegirl94,5
rosine,2.19
alicia,5.92
plb6487,4.06
jlr2930,5.46
cuddlesthewulf,6.91
jetlaggedandbored,2.99
calico,5.44
elmerh,3.58
raffiella_8,3.72
evelynlove13,6.87
wellsclara,6.21
jenbaybee,8.85
claudia2513,4.71
chix18,4.43
amandiexo,8.41
jin,5.85
ellea,3.77
mchightimes,5.94
shan59,8.42
stephlb22,8.03
lacie599,7.26
kaylalorraine,8.9
princessemillee,8.38
erica12,5.86
lisha89,2.41
melissavanrijn,5.83
marionbarbara26,4.46
pirulete7,7.22
candycheeks,7.73
np5622,8.95
gradstudent3295,4.25
sewwat,5.54
kerrylpalmer,3.23
citrus,4.68
govsy,7.55
artemis18,6.24
lienverlinden,4.93
preciousjahzara1992,5.29
emimi,6
ratemecupidd,7.6
marielacey,7.93
hoolligan,6.49
arielwtvr,6.15
mizaruchan,3.64
julezlove,6.63
blushinbabe,3.01
taylor1121,3.68
sdsdsd,2.8
pvfd117,2.58
aliciaj79,6.06
lindsey710,6.56
ericainohio,2.96
desiree_jenal,5.09
ohvalerieee,6.97
jessica210,5.15
seasidegirlx,8.34
lovelybones,9.03
kavkaz_rushan,2.42
oneminno,4.71
missi90,6.09
oliwia1,5.84
danceland,6.94
liz3112,3.82
kathryn26,6.57
blissforthesoul,5.81
livibxo,7.6
babygirl03,4.85
momoffive,7.27
eravianangel,7.07
lageru,4.24
soph104,6.66
hedgehoghugs,4.84
becky,8.06
cpointer,5.22
skye2244,5.79
kassy12333,7.08
caro392013,3.02
brunette403,6.47
hummerh2u,4.54
nimolove,8.68
catbuzz,5.55
lilojump,6.13
mego13t,6.6
blondeambition,5.87
blondie_gal379,7.93
robertus,7.29
livy333,7.6
astrafemme,5.6
juneb,5.12
rxqueen220,6.77
rainydays,5.68
funkyphresh,5.41
chunkabutt83,1.92
mockingbird,3.9
janineellen,8.46
tarahxx,7.36
jynx81,3.06
boots87,6.8
jumjum,4.79
doodler123,8.71
ns098,8.54
kiltinspector,4.63
sparksun,7.23
glitter_puke,5.62
littleamer24,6.83
amzeeeee,7.26
innocentlove321,3.67
hiddenstory76,2.13
jilly2535,4.65
lovestheblues,4.77
kimdeclue,5.28
nwhite91,5.5
mayabroo,5.28
jsmangat,7.43
kelly_sheena,4.51
jessdawn,7
princesscupcake,7.66
tealsunflowers5,6.35
nicole291,2.63
buckwildredneck91,5.57
isabella,7.17
grandmasterping,6.32
ilashf16,2.52
bj0986,5.44
pegasus,5.38
starchild24,3.83
mwah1995,4.89
hill_donxo,7.28
xoriolex,4.69
heathergeorge509,7.1
worldstarmsboss,4.34
mermaid,5.5
clairexo,7.46
aebb2802,3.6
riabrayx,6.8
riley86,6.61
riddle93,3.94
flowerkraut,8.8
alert,3.78
biancaalexis,5.77
foolishheart,6.21
pumpkin01,5.83
lfd,4.58
jaded,6.08
jesster99,5.5
hunterfireflower,4.25
aj_anxiety,5.29
jazziestone,8.05
tamkers,7.24
60smiley,4.79
courtneycutie,6.91
zareen,8.94
sparklebeauty,4.08
mcmurtrie,5.32
cehoetker,7.43
sofforte,6.28
juju91,2.19
ladymaryjane420x,5.56
emzrobertsxx,3.38
coffeeyes,6.67
amber12345,3.05
katastrophej,4.34
tutukitteh,4.28
amygee,4.3
tacosj,6.65
cooiie,7.27
chimommie,5.62
britt17935,8.03
komiee,5.63
saturnine,5.1
emrys,6.92
sevie,4.48
jjroxursox,6.93
brie_ht,5.34
majical,7.65
professoryang,3.23
booboo,4.77
jessicajames,7
jacey1723,2.62
sarayo2,7.42
jasmine,4.26
roximami,5.57
brianabanana,7.12
sustr4vy65,3.25
emmalmartin85,6.74
taylorsmith,7.05
aprillynn20,8.01
anniegirl101,4.13
smadison,5.94
maryjane,5.5
kenz4497,8.28
akbf,5.62
hellogoodbye,5.52
intromniac,5.5
motownlover,4
kissthemethanesky,7.66
mzmorgan,6
alicexxx,6.45
alyxbren21,7.88
kiwi135,3.42
amywoods,3.12
girlyjill,3.11
mattia,3.72
idaydrm,8.09
mlynn90,7.61
aryv95,6.61
apetalinthebreeze,5.58
miss_simplicity,2.66
emmy84,3.91
shawnajames,3.32
ana_94,5.15
e123,7.28
katie864,4.17
redwritinghood,7.8
gramma75,3.67
lottiemitch,3.96
bananabrain,2.62
kirstylou-xx,7.57
fancyface4201,5.55
happie,3.94
kammiikazzii,7.41
adriane,8.37
tete1511,4.17
maewinchsester,2.72
evianmeow,9.02
musicmunchkin,3.93
hannahdungan,6.01
airlia,7.14
lilz124,6.57
theasiangirl,7.63
candie0105,4.05
avriljd,5.09
gabhlo,7.82
emilia,7.93
lana-starfish,7.32
slyvia,3.83
batgirl,7.42
lebonheur,3.94
starlane,7.17
shannon95,2.71
aita,8.04
lizzylou7,3.67
girlgirl55,7.55
jenmo,3.59
misguidedghost,8.97
am4nda,4.99
rebelcirucs,6.68
psychhottie84,3.16
scaryscorpio,3.47
wewewe,6.87
dallassweetie218,5.41
bethcoop,2.42
itsasecret,3.42
verotica,7.61
laura,4.02
pheonix,3.94
one4mlb,3.92
x_kriante_x,3.87
grimesje,4.53
allisonp,6.66
al38738,6.33
alexr894,3.8
jennna,3.63
lizardfairy,7.96
brooklynwolf,4.98
texas_angel1989,6.7
generally_extinct,7.92
lycan,3.03
lexlaughs,7.65
lytseeker,8.02
pixie_25,5.11
bighardknob,2.72
tarheelx3,5.01
aurorablack13,4.64
drutti,6.54
whatsup123,6.34
emilyalex,8.1
jasmine2angel,8.41
cece,4.66
brandyshawn,5.61
paigetnk,4.4
blc1213,4.45
thedm,4.46
ssbb52,2.99
seapolyp,6.26
dessy123,8.52
moata_rd,2.39
itcouldbeme1986,6.57
emilyy,5.69
jonee,8.32
mamamia,4.09
alikrasi,7.09
wildone333,2.43
hunterhaleyyy,2.96
luvsum,4.41
coffeebee,5.07
mae,4.27
karalane,8.16
embergirl13,6.56
artsygirl,6.61
britness01,6.45
xmisschichi,7.21
bunnielovee,8.31
schwing,4.93
glisa,7.92
candis,5.15
maddy14,3.48
beckyxo,9.36
untamable7,7.16
smileyducky,9.47
janedabah,5.36
nuone,4.19
megan321,3.56
pickpocket,8.53
lilianpassey8,7
luludaydreams,5.74
julia10451,8.18
alicia_9393,7.87
ramin007,2.57
hymn,5.93
anastasiae,4.87
laila,5.98
saoirse1969,2.62
heatherxxx3,5.81
davina,2.53
whatever,4.28
minijazmarie,9.06
rfm,6.54
subaru55,7.11
sissyrizko,5.79
alexandra,5.99
krissy,5.76
phill70,7.72
kcarter32,7.92
sf81202,2.78
hanscuit,4.07
atlanticchicka,4.41
yanyang,3.61
shzmigirl,3.57
thatcelestialchick,5.53
flappygirl46,5.13
sparshy,6.78
lnicoles,6.04
smriti,5.25
bekahvincey,8.91
flagranto,4.7
nataly,4.97
butterfly23,4.92
noelia22,4.3
cherryadams,6.07
blaze,4.66
sexygalplayer,7.44
happy2014,4.81
squeezeeee,6.16
wldhrtscntbbroke,6.06
hannahd23,6.88
jesscoop1,2.55
xox5h1nj1,2.83
rachel,3.79
beacskaa,4.64
agostina,6.37
jamier,4.63
lanaalhasani,4.59
eldark,2.38
jaccihoffman,6.14
scrub1,4.52
mysterygirl,5.56
dasanimeow,8.22
funnynamehere,2.84
glitterbomb,6.84
nottesorriso,2.76
lastphonecall95,5.01
hpaddict1997,3.54
mel_horan,4.97
rosel,6.65
jenjen23,4.16
idancelikethis,6.45
itschrissymissy,4.23
sum_wonder,3.66
rianna,6.07
greatdane,7.82
dope143,7.19
nicole93,7.21
ice_princess,6.24
nyo8422,5.35
haaaaaidehooou,6.48
girlygirl,7.38
ladylove,5.5
candycane_sweet,3.86
chloexxx,5.15
chastity,5.85
sugargirl33,7.31
bay0mb0ng,4.3
eden,2.22
sdp2014,2.11
kellybellyco,6.43
dcj0714,7.09
tangledpanda,3.38
almaya,7
woodworkingal,3.63
selfie_queen,4.7
allielizabeth,6.24
mariamo,7.84
kk9631,2.13
ocularie,8.42
natottawa222,5.98
cara,2.12
marshellette,2.16
leshana1,3.9
melinda_ann,3.56
bah,6.01
neha,6.26
anrein,4.28
chrissbabes2712,7.07
xonen,4.89
miklemon,6.7
lucy,6.58
kimmi42,3.52
pinkangel1987,6.58
alyssa,4.76
tomikacatherine,5.29
llaaurennx,5.61
minajatwah,6
bridel,3.25
goodyshoes,2.24
nouseforaname,7.7
voula1,3.29
charlotte104,5.88
yellowfinch,7.51
ds12513,3.78
sd_girl,6.49
littlebit,4.39
psychedelicious,5.96
lexi5390,3.34
wishicouldfly,4.74
larabh,3.2
nerdette,8.38
urnawtcool,4.08
dreamnovella,6.76
alishabean,8.23
melly209,3.71
lisalove07,7.7
sweetcherries,3.98
sassypantspew,6.84
sassy77,3.11
lilbam31,5.22
ukelelelove,4.99
okaythen,8.73
brenef02,5.5
tita753,3.92
butterfly123,4
cheergirl0140,8.08
seekcompliments,5.27
funkphenomena,6.44
stephanie123,4.61
emroseem,8.84
shinners,7.76
mirah,8.5
enren,7.77
irishgirl,6.8
rosemary1234,7.13
asianpurr,5.01
ibabe,5.41
8secondride,8.33
destiel16,4.05
sbccx4,4.92
smithsherry,6.56
emmawillis,3.11
nessa8868,5.65
feather,4.33
soliloqueen,7.57
amorri23,7.38
lovetosmile,2.45
bikstar,4.75
amiablewolf,5.81
kyrasmokes,6.56
maria14,4.94
chibi,6.68
trex22,4.03
faoraofkrypton,8.53
kelli_kenaith,6.92
stephanierillo,2.96
walnut1988,6.14
kat6781,5.11
blahgahblah,8.33
lauracacana,3.87
harlee,5.66
mrsrostocka,4.05
rdl96,3.94
ericanicole,3.6
lolhehe,5.06
sarah1112,7.32
elaa578,6.83
katx,5.43
paradox420,4.9
marcellaxanax,7.05
dosugon,4.99
technopuppy,3.77
bethscookies,3.14
courtneyxmichelle,6.76
inkognit0,4.41
sexyasian,3.43
sassypitbulls,2.63
mikayla,8.83
ladycroft,5.82
sugarkitten,2.56
amy7384,5.32
emmamccall,3.62
esthin,6.8
sarahrah,7.4
gracie327,5.67
alishabowden,6.78
lovedove721,7.87
serenajw,7.54
jackee,4.86
fishykitten,4.43
420blazeitrabbit,5.7
sammyjay,3.75
amy1017,6.92
ravenglitz,4.44
scasilla,6.82
bulldogs0182,3.26
turlesrule,5.05
marshel,1.74
eklipse,7.6
amandabby,8.26
preyingmantisss,8.07
browneyezphotoqueen,2.44
dragonsorceress69,4.48
fuq1t,6.59
cat,4.54
chloe,4.87
irina112x,4.49
larissa,5.89
al_al_v,3.83
laurenbug22,3.62
lexi_b,8.35
pandablush,5.13
foreverwmt,8.11
unfinished,2.78
standsyl,7.12
prettyqn,7.06
supermario64,7.84
dizzle33,7.75
bliss215,2.59
angellynn,5.41
hannahmcarthur,6.62
love_gaby,3.17
nluvwitluv,7.83
mimizozo,2.58
clairex,6.3
demissi,4.6
priya,2.5
misstea92,6.27
noddyb22,2.52
kimmy,3.09
BaRbiEd0LL,6.984925
saweetashhaalle,6.195095
Craziigrl34,5.908333
lalalabrooke,5.109524
YouFrue,6.178988
cubicles,5.296296
freyjaalbrecht,6.962094
xkpx0308,6.473684
wistfulxstarling,6.009816
ShElbZ4L09,6.787441
Love4Life,5.830975
punkchicka444,4.681078
GoneRebel,5.788732
vainibe,4.967105
blowpop0814,6.89064
WelcomeToMyWorld,6.329124
LipxGlossNxBlack,6.258437
xEmongox,6.131879
pacsunqt,6.4675
suicidulcarebear,5.639376
superkim,5.790452
brinnyls,5.634615
Emiiileerae,4.514898
guiltypleasure,5.15241
whatsinariot,5.751615
BlondeNPolish,6.78402
DirtGirl626,6.486093
grltmp,5.503571
HeartsDontLie,3.59
littlefawngirl,6.856
XxBabiiGurlXo,5.697227
translucentwaves,4.081754
BabyPanda,6.869048
Taylor333,5.570652
xxcrimes123,5.924484
hottlilbabydoll2,6.614413
xxtallgurl12xx,6.584686
splifff,6.235165
AlyssaMichelle,6.734999
rachaelb,6.678935
SexieEyeCandy,6.712448
bdhelfrick,6.327783
yourkleiness,6.898924
seductivexox,6.202109
girlbojangles,6.792775
Foxxy3,4.948198
LindseyBAMF,6.247038
marysrealcool,4.184987
Cierra855,6.54828
SolveForX,4.62682
dancingcoley,4.783333
smiley13kitten,4.220993
DiamondsPearls,5.856467
RedSoxGirl2014,7.0311
ohsomehh,4.596505
RealRhiannaxoxo,6.873984
readyxtoxfall,6.211413
choochootrain,5.463038
xinnocencex,6.816937
tbquist,5.786458
slynn,6.210837
oXHeRsHeYxKiSsXo,6.65948
xoxsamioxo,6.656794
dlinquentxx,4.772727
3jenn3,5.468909
Sammyk21,5.809886
trle907,6.14217
sexiigiirlie,6.248403
Anna9475,6.591611
x0xChelsx0x,5.859694
DarkDecember23,6.074226
Teagerific,5.509589
lilgirly1212,6.714216
nycgirl4life,6.770833
hellofascination,6.200774
kiekie,6.32939
ash0808,5.101266
CheerUpEmoKld,4.610412
StephaniexLouise,6.673547
crziblonde08,6.130267
VampirePlaymate,5.810212
roxybabe7693,6.403409
oHsOKiSsAbLe9303,5.703396
eloraerinn,4.953125
DragonFireAA,6.255872
angelsosweet15,6.041169
rubymusiqx,6.189087
dancinbabe1011,6.658419
scoobster949,6.250495
nolies182,4.902895
keepsmilin168,6.390411
askingandrea,5.97807
HotMascoutahBitch69,4.576667
Lkun,4.375
amberr328,6.28238
SexyHunter08,4.513597
grumpybear33,4.360248
Boobear1426,3.740964
ALLiEx0,4.24127
beachbabe20816,8.051724
torriebow3,7.04021
cherylOATH,6.851924
softball7,5.962673
cassieday08,4.883598
rachel2012hottie,3.854497
Natalie3424,6.369644
shmehmay,5.446701
SammyV,5.18593
Breelyn,5
AmberleyC,6.160951
jessicamaerawrx3,3.330986
mysticjess,6.966667
Beek,6.725569
bubsxgreen,5.705882
Dannyell,5.332669
lilac2008,6.603461
DitzyGal,4.602134
PokeMeWithPolaris,6.561789
CrazyGurl313,5.232331
mimzy,6.015228
carlymarie,5.964986
KarleyNicole,6.450658
jennnna,6.950812
kristinxann,5.012784
sexy4ugurl,6.489497
radkelsxcore,4.764304
meg4490,6.28125
bbwsexy,2.581081
sarahvictoria626,5.477273
PikaCHEWGum,5.796034
poojasinghsg,4.61991
cordbunjichic,4.253859
migcrissy000,6.806338
lilbit427,6.874016
chesterlover,4.75
Lacy2005,5.973171
bananzaa,6.049217
olivejuice1234567,6.762579
SupLauren,5.766667
alexIslove,6.003139
ROFLOLkyli,6.763497
Christaa,6.710627
dropkickloder,5.687702
oompielou,5.090452
BabiiBearCarexXx,3.25
Starlett,5.560606
GoodmorinSunShine,5.809402
brokenheartedx,5.678423
emw12,5.959211
CG143,6.638446
OopolkadottedoO,6.109039
BabyGrl21,4.346154
bellybuttonrings,6.977416
mqt16,6.829657
StAlbansKids,4.630455
qtpie89,5.364209
aussiechick,5.288762
SoccerChic84,4.614583
poisonrocks89,4.817829
bootyfulsizta08,6.562041
smok6289,4.688564
songofthesouth,6.625899
GCRiOtGiRL629,5.714706
palmettoqt,5.511635
glamcoke,4.873387
SoftKisses018,6.447348
hackeychik,5.275556
haleymorgan,5.921659
jaaade,6.380342
xkattiex4795,6.129921
Abbeylayne3,6.659309
summergirlx,6.957927
nicholebou,6.670233
H41L3YY,6.744859
XbabyXprincessX,6.5
Flupster613,5.402985
xkelseygurl185x,6.300391
fcrntcm,4.553459
xoelizaox,6.646635
nittneyy0x,6.307622
ImAsUnBaBy08,5.566581
sexxycutie,5.286517
hotdancinbabe88,6.801302
xXxHeatherRainexXx,6.623646
spatulalover,5.532793
Thx4TheCandy,5.603184
miranda123,3.435
EKels,4.416084
DaNcNcHeErGrL,5.614991
iloveutons,6.647101
BlueDevilBabe44,6.942211
ashleygc04,4.82138
signalsovertheair,6.678713
lilshortchic,6.658459
Stuby,3.907626
schindler8908,5.776024
aliceander,6.261837
iamthehulk,6.17037
jenniferkm,6.600711
sayoodee,4.984921
geekyphreek,4.866548
beachbabez4526,6.816488
kt89x,5.39527
tmc1590,6.332745
xoxoxprincess,6.809278
iamtezzy,5.445015
jerseygenuine,5.678707
x0xroxy0x0,6.923611
piinkcraiiyon,6.108549
coxtsa,5.427273
k3ZATHARA,2.509434
MelBell127,6.757725
smArcher,6.326362
LovelyCat,5.748337
aprilxtilson,6.915271
MaggieMoo,4.504673
adnamaxo,6.623524
torridxloveaffair,6.524642
LarNAshley,3.850467
divinedreamer06,6.370448
dreamcloudgirl,5.790761
gabbygurly,4.34233
batman1209,6.224138
gurlie362,5.852496
Goodvibes,6.799801
hottietottie45,5.796769
xoxKacee20xox,6.457775
SamanthaAnna93,6.985119
fallopiantubes,6.596577
crazylilpyro,5.283922
shleytp822,4.798223
blackandblue,5.083777
Beckyy099,4.984881
woahwoahwewoah13,6.27236
xpoisonxmyxcookiex,5.196203
rightlyopinionated,4.374766
ChloeDanielle,5.4
XxBrownEyedGirl462xX,5.562147
rxbadgrlx,4.377419
sierrababy1234,6.573964
wakeboard08,6.176986
everythingiguess,5.266667
thecrombiehottie92,5.368031
xxLoSerXFreakXDoRkxx,6.665146
Erica23,6.483607
jazzluvseg,5.571429
pinkpiglet8705,5.425234
prettygirlsuffering,5.565217
rawrrritsrachel,6.855721
yellowcatredcat,6.142149
kazanov2,4.367769
xXJeccisaXx,5.692683
Strwbrrywn,4.08046
drygreypebble2,5.980533
soccerbaby22,6.438333
Narcissa_2,6.104938
velasquezlb,3.428846
TinaNickole,4.043919
NinjaSaurusRex,5.630159
definitelynot,5.059361
aamber,6.393258
AtreyuGurl2,5.29223
amandax13,7.254237
kaleibae,6.431818
hurleygirlie669,6.847584
Blondefreak25,5.627876
peachesanncreme,5.730404
solidblonde1,4.415493
LOVExoxNOTE,6.532437
cks,6.433142
xomaddiehearts,6.173591
LyssMarieX3,4.339483
abercrombieKISS,6.620798
shorelineshorty,4.35879
anteaurora,6.345815
BubbleGun213,6.834258
futreeexmilf,6.849719
KissMaLipz00,5.517544
loudnblonde08,4.398618
La,6.365108
thing3,6.358808
Ciitylightsx3,6.46168
callmepinkkiddles,6.73572
CntrYGrL61689,4.457478
kelly008,6.647059
XxXBaBiGiRLKeLzXxX,6.297362
sshheeeennaa,5.993042
BoFett,4.803571
TrulyMe88,4.672598
SupBrittanyxxx,5.654052
renaox,6.20614
xstrawberrykissesx,4.742958
Autumnfallout,4.973684
txgrltena,6.192257
xsayitaintso,5.10124
hco93,5.350318
cosmichorizon,6.442125
PearBear,4.961409
gnaann,6.508121
heyitsraquel,5.389571
aebabe19,4.43662
petshopboy,6.63136
skepps,5.830709
stopgofran,6.332405
nirvanamarissa,5.347458
XxAngelEyezoO,6.864099
punkedloserchick,6.59068
XoXGirLneXtDooRXoX,6.695005
OhDangLetsBang13,6.26047
hipposarefun,6.899777
Liltanay69,6.641627
LSU2012,5.234884
cutegurlie074,6.425094
Fillmor3East,5.007334
Exploited,5.540364
AliceInWond3rland,5.384615
ericanicole08,4.478723
carebear108,6.850692
Jessica500k,5.466906
GratefulBear,5.478676
MadeOFglass,6.882979
cinematiceyes,5.187702
unsamten,4.559804
stacy50208,6.535714
xXNighTmareXx,6.912561
rissylovex0,6.475678
CaitlynM08,4.856534
cutiepie5990,5.788563
submissivemind,5.431835
AlEXANDRALUVYU,5.578571
skiptownslowdown,4.971087
amourromance,6.663714
SBG101585,5.279264
RaD2213,6.312271
drMariana,5.613636
jbizzle12thrizzle,5.739335
chainsaw,4.292208
HeyitsTinax3,7.028837
tiffanyhasheart,5.576667
ForeverInaDay324,6.724457
champagnegods,4.414634
UkissdMelikUmeantIT,6.770215
NotEmily,5.214286
prettybaby1234,6.587702
TheeRedheadxoxo,3.849123
beautifuldreamerxxx,4.791472
jmegs,6.295337
tliz2007tm,5.131462
bRoKeNcArOuSeL,5.289474
tukiegirl54,5.24813
kolby,6.543403
LilBratt192,3.373267
xosuperstardndox,6.485915
sashley,6.387755
mos2550,3.64
grpi14,2.875
mxpxchick715,6.140719
qzilla,5.612903
XxCrAzYaZzChIcKxX,4.970426
d00dsupallie,5.987607
playbunni183,3.527571
23softballer66,4.760135
kends,5.782222
Ashuhhley,4.302885
JeanPie,6.109527
crazychick246,5.412963
ByYourSide,4.913997
squirttt,6.714442
massofchaos,5.999004
PiNkE,6.779558
Mellie24,2.923015
hbkp,6.693548
val69babe,5.171774
MidSummerMassacre,6.275956
chinks,5.831853
ayulove,6.498567
lilblondebabe805,6.415138
georgiapeach820,6.018987
sexxihunnii,5.859459
xxjessykayxx,5.656744
betheileen,4.759324
SexyButNotForU,6.029197
drumminchic,4.867013
anfbabe08,6.467282
roxyangel21,5.925694
SweetBabiRae,6.75
BorntoBeRina,6.074986
lookinforsos,4.901899
LaceyStoleTheWorld,7.048961
yummum,6.962687
XxBroWnEyEdGirLxX,3.886538
cassidydawn,3.936364
kkaayycciiee,5.715698
hiashleybentley,5.213959
NYxBARBIE,6.434783
shayleighsmommy,3.440367
xXxJoRdYnxXx,6.839662
DeathCab4Katey,5.37113
OolilcutebabyoO,4.702041
VERONiCAxO,6.067337
failingheartxo,6.311021
profanevanity,4.969178
heyjude69,5.668449
Gullible,6.852459
ashlylee,2.639706
DashboardBabii,6.7869
ItalianHomeGal87,6.028714
BUGdr00l,5.45013
Heather04,5.132588
SweeThang009,4.1625
ILoveKeith4Ever,6.821008
BigCrazy89,3.63138
GoingDownx3,6.559064
clarissa99,6.248619
ride311,6.622642
HeartyGyrl,6.093609
babe331,6.25
deadlyxxkiiss,6.007205
SoSickOfCrying11,5.37287
ll3rittbabiix88x,4.363636
icouldbeyoursunshine,6.647011
jazzKID,5.964876
DraculasPrincess,6.812773
chelseamae,6.50204
JesikaAdele,6.804135
EliJoLee,4.444444
JM15,5.333005
supawoman,6.722249
Koreansweety,5.654386
hereisissa,5.606645
anun87,6.075639
deathuntome,6.030612
r0ttencheri,5.603939
youradhere88,6.672414
yuppErica,5.521182
AdrienneElizabeth16,4.184524
blondeatbrain15,6.330601
DoeEyedgrl8716,6.753505
Jacqui93,6.416667
taylorsince88,6.425714
FromWithin3,5.507599
yourfaveslut,4.96974
KaylynBreakdown,5.676596
popcorn8827,5.219008
almost2perfect,6.2668
steph112233,5.645833
lucyinthexsky,4.314885
agnieszkamaek,5.669118
xxsweetthang64,6.057067
kara1247,6.470787
LucyClementine,3.125
maryannkennon,5.84466
HopelessxLove0,6.795666
xxx44kelsey44xxx,6.872503
antoinette,6.732553
L0SERx01,6.042289
laceymae07,6.638945
beatlesforsale,5.340625
ToTheMax3,6.787473
sexylex89,5.177316
loveangelm,6.109729
Laurenexoh,6.406012
wheresMYvasoline,5.106109
xXxJackieBabexXx,6.713301
softballbabe0070,6.421499
applebubbles,7.021739
XxAlExIs130Xx,4.390067
stephxo,4.396499
stubs,4.406905
cybermemegan,6.833333
cheer4ever,6.621387
Carlyn,5.873718
SomeIdealisticFuture,6.681988
CraziiBellax87,5.576076
ahscheer09,5.405685
jenbabygurl4u,4.913018
o0xMiSsKiSsx0o,6.299597
sweetypi123,6.934272
Mallory16,5.940678
ebbandflow,6.614458
XoHoLLiStErXo,5.245518
xobrinaxo,6.458981
xitaliax,5.022621
KelMarie928,5.668453
LiesAreForver,6.821429
kylaaa,4.802752
whatbeautifulis,4.964567
billaroxygal,6.42337
naughtililbabi68,6.718585
quckerzzz333,6.053763
RyleeDA13itch,6.272727
sanne89,5.75
lilxmissxperfect,6.374228
h3lli3,5.29257
ssaannddrraa,6.642699
alexusmaci,6.495098
gohomeball,6.431217
ImxNotxUrxSkank,6.979577
ashlynnxo,7.642857
tayluhhxmichelle,6.097806
ruthlessness,6.569407
Flirtinangel18,6.727756
kismeimcontagious,5.078545
xlipglossblack,5.725773
Error,6.743195
prettyangel78,4.738372
cutiestuff54,5.378924
MrsHensley,5.14557
OhSweetSweetAmanda,3.75
allalone1991,5.791103
suaveee,5.784853
crsweetiepie22,3.693985
laceybaby6969200,5.374815
sprinkletittahs,6.656977
Arcania88,4.69914
Myiva,3.390909
dannisk8grl,5.207951
Rhiannaxoxo,6.01495
trinity12218,5.332155
SouthernSweetheartx3,5.295198
Ninaclark123,6.107143
cometome,6.807487
xlovemerightx,6.05318
Iggy567,4.650901
bellababyyy,6.958549
WhisprWolf,6.37183
holbrooksraven,5.125433
gw224,6.490323
ghettochickity69,5.326503
yourxsoxlastxsummer,5.609553
yenzgirl,4.762394
lilprincess531,5.871547
CiaraisBOMB,6.815476
dancinghxc,6.151536
SRoKiE,6.895551
maggiex389,5.726094
cassyCANMAKEAMESS,6.638473
AccidentalyInLove224,5.056522
savemysoul,4.497307
cookiecutter,6.267777
summersunsetsx3,6.560394
BEyourselfANDstuff,6.640203
camodiva9174,5.130225
heykg,5.950617
gymbeam90,6.626263
cdgurl,3.641618
EMKiD,6.546893
RedBloodAngel,4.413306
xopreciouskiss3z,6.106122
sexivannia0012,6.146426
SwtDixieGRITS8,6.340551
steviejayx3,4.788754
flywithmex0,4.925834
XwrongXwhenXrightX,5.470414
glitterheart,5.57398
wrvsurf,6.470657
foxxylady,6.731461
RAGEgirlSara,6.196375
Victoriaaa,6.618504
Courtney730,5.700521
MwahCece,7.355019
y0itsk0ta,6.696012
pinklegos23,5.435065
gabrewskix3,5.745506
lexxabby,6.72608
galleta007,6.512059
Bongo69,6.656674
anfluvr,6.619553
cathater021595,6.369097
cassycakesOKC,6.857143
jessica040,6.732143
Rubberduckietk,6.152039
sweetkirky,5.569882
xXPlayboyBunnieXx,4.98951
RenBac96,7.283333
jamcianmecrazy,6.403519
likewhoaitsme,6.379758
PuNkrOcKcHiK89,5.128023
nanciiboo,7.227273
psychochick2009,6.80396
heyy22babe,6.769912
DreAmsXofXYoO,6.415385
jennasteller,6.382857
DoRaWiNnIfReD,6.128205
DiexXxRomantic,6.370425
BiLLaBoNgBaBy358,6.003559
HCOcutie93,6.784893
kbths,5.601906
clarasage,6.233096
maitaish,4.944444
imunknown,4.511338
sarahlynn1993,6.024306
megipoo,7.037037
beautifullkeme90,5.827402
LynnShelton,6.276042
cutiepatuty1031,6.082036
blondiebugg48,6.531383
shutup,6.450984
platrick12304,5.815197
moonstarbaby88,5.560325
hthrdnbr,5.491379
karly123,6.905526
Thatshott16,5.964093
mhmquepasa,6.015235
tootsie56,4.886905
aray14,5.670823
orlandobabe03,5.987981
eefroke,6.399351
andrewjecy,4.918033
hick17,4.733577
samimami,5.934982
iCANcount,3.975
AeRoQt4,4.520893
deinaye,4.641975
SamanthaRevenge,5.453866
Madmartigan,6.4653
youkilledkenny47,4.746544
tekeala,6.832687
LaurenToxic,4.225
XxCrAzYcAmxX,6.644132
mamers87,6.440681
MariaKWeiss,5.805556
skater329,4.973441
alaackofcolor,5.434397
spunkylilaznchic,6.169929
zombiecentric,4.26971
RawkxOwn,6.693049
mandakae,4.467988
AmyWilson44,6.395833
Dabest,5.434286
rachisawesome,5.320111
supdollfacex,4.451786
